	verdict	intersection
0	198340.json	['433', '443', '710', '930', '977', '980', '1001', '1058', '1213', '1315']
1	198341.json	['362', '433', '500', '530', '843', '886']
2	198342.json	['5', '252', '317', '330', '339', '549', '570', '738', '777', '822', '839', '920', '1278']
3	198343.json	['44', '336', '430', '433', '500', '507', '530', '695', '743', '757', '796', '886', '1059', '1234', '1350']
4	198631.json	['37', '112', '121', '126', '203', '214', '224', '236', '345', '361', '437', '454', '489', '502', '545', '603', '610', '625', '637', '691', '698', '795', '836', '859', '874', '958', '993', '1000', '1026', '1046', '1065', '1126', '1136', '1159', '1161', '1173', '1200', '1220', '1246', '1338', '1367', '1376']
5	198632.json	['15', '408', '494', '610', '788', '1046', '1056', '1065', '1158']
6	198633.json	['89', '111', '203', '214', '224', '319', '454', '477', '489', '502', '545', '698', '708', '752', '791', '795', '836', '862', '874', '879', '958', '1026', '1065', '1078', '1097', '1102', '1126', '1132', '1136', '1143', '1153', '1159', '1161', '1173', '1180', '1200', '1220', '1232', '1246', '1335', '1338', '1356', '1366', '1367', '1376']
7	198634.json	['26', '286', '362', '743', '796', '886']
8	198635.json	['18', '241', '398', '530', '591', '629', '705', '797', '833', '870', '943', '952', '979', '1082', '1221', '1277']
9	198636.json	['48', '86', '241', '518', '591', '742', '797', '946', '983', '996', '1277']
10	198637.json	['6', '92', '155', '271', '429', '616', '641', '680', '733', '1093', '1119', '1179']
11	198638.json	['37', '112', '121', '126', '214', '224', '236', '248', '345', '361', '437', '454', '463', '489', '502', '545', '603', '610', '625', '637', '691', '698', '767', '836', '859', '874', '958', '993', '1000', '1026', '1046', '1065', '1126', '1136', '1154', '1159', '1161', '1200', '1220', '1246', '1338', '1367', '1376']
12	198639.json	['433', '843', '918', '1213']
13	198640.json	['14', '15', '236', '497', '610', '694', '704', '859', '893', '953', '964', '1046', '1056', '1158']
14	198641.json	['478', '1119']
15	198642.json	['286', '295', '362', '433', '465', '500', '886', '933', '1311']
16	198643.json	['18', '48', '73', '591', '639', '724', '741', '797', '871', '979', '1197', '1277', '1375']
17	198644.json	['111', '269', '291', '925', '1035', '1078']
18	198645.json	['48', '79', '92', '154', '155', '232', '241', '264', '367', '411', '447', '510', '514', '543', '641', '662', '702', '705', '733', '770', '818', '946', '952', '983', '991', '1007', '1093', '1096', '1155']
19	198646.json	['48', '241', '797', '940', '979', '996', '1197', '1221', '1226', '1277']
20	198647.json	['6', '44', '48', '243', '256', '428', '430', '478', '507', '550', '620', '779', '938', '979', '1058', '1082', '1179']
21	198648.json	['146', '291', '319', '341', '399', '475', '502', '545', '696', '744', '752', '791', '836', '862', '879', '958', '1011', '1035', '1078', '1097', '1120', '1132', '1136', '1143', '1149', '1159', '1180', '1200', '1220', '1232', '1335', '1338', '1356', '1366', '1367']
22	198649.json	['37', '165', '236', '248', '266', '279', '325', '345', '361', '400', '408', '470', '603', '610', '625', '635', '637', '653', '691', '704', '767', '788', '806', '859', '958', '1000', '1026', '1046', '1056', '1065', '1146', '1158', '1159', '1161', '1196']
23	198650.json	['48', '154', '398', '510', '591', '639', '705', '770', '797', '818', '850', '979', '983', '1082', '1109', '1155', '1277']
24	198651.json	['19', '167', '228', '242', '341', '358', '399', '484', '488', '586', '607', '744', '768', '858', '862', '959', '1035', '1097', '1128', '1160', '1180', '1322', '1356']
25	198652.json	['14', '15', '616', '641', '663', '680', '1119']
26	198653.json	['15', '147', '403', '417', '438', '494', '602', '616', '714', '906', '953', '964', '1056', '1156', '1158', '1167', '1262', '1377']
27	198654.json	['235', '276', '429', '530', '695', '843', '886', '1085']
28	198655.json	['44', '80', '328', '456', '526', '554', '794', '948', '1281', '1302', '1305']
29	198656.json	['19', '398', '428', '530', '666', '705', '833', '938', '1058', '1082']
30	198657.json	['73', '86', '109', '524', '736', '1181', '1248']
31	198658.json	['178', '430', '433', '500', '785', '843', '886', '1059', '1234']
32	198660.json	['48', '241', '367', '398', '530', '591', '629', '662', '666', '702', '705', '770', '797', '979', '1007', '1082', '1277']
33	198662.json	['85', '380', '442', '825', '997', '1117', '1293']
34	198663.json	['14', '15', '92', '155', '196', '199', '497', '510', '641', '680', '733', '953', '1007', '1093', '1119', '1181', '1262', '1319']
35	198664.json	['44', '550', '789', '1226', '1350']
36	198665.json	['12', '37', '83', '248', '284', '345', '349', '365', '415', '434', '470', '473', '486', '506', '610', '625', '634', '647', '664', '676', '727', '730', '816', '859', '878', '882', '917', '1000', '1003', '1051', '1054', '1146', '1162', '1194', '1201', '1218', '1258', '1352']
37	198666.json	['15', '32', '74', '158', '333', '403', '448', '451', '494', '537', '616', '626', '641', '663', '680', '714', '818', '953', '964', '1018', '1113', '1156', '1165', '1167', '1262', '1344', '1377']
38	198667.json	['92', '241', '313', '398', '411', '431', '666', '705', '850', '948', '988', '1050', '1082', '1109', '1141']
39	198668.json	['15', '147', '196', '451', '497', '616', '789', '810', '882', '953', '964', '1156', '1158', '1310', '1377']
40	198669.json	['14', '147', '199', '448', '451', '497', '641', '663', '789', '885', '964', '1056', '1119', '1156', '1158', '1310', '1377']
41	198671.json	['37', '236', '266', '279', '284', '345', '349', '400', '417', '470', '489', '494', '541', '542', '577', '594', '610', '637', '767', '788', '857', '859', '906', '1000', '1046', '1054', '1056', '1065', '1158', '1162', '1167', '1286']
42	198672.json	['18', '205', '251', '267', '364', '457', '458', '481', '725', '760', '797', '825', '979', '990', '995', '997', '1015', '1184', '1187', '1221', '1332']
43	198673.json	['146', '147', '158', '489', '616', '698', '708', '795', '879', '958', '1078', '1132', '1159', '1180', '1232', '1252', '1338']
44	198674.json	['105', '116', '195', '267', '405', '432', '457', '518', '675', '740', '943', '1004', '1005', '1289']
45	198675.json	['92', '154', '241', '398', '431', '591', '702', '705', '797', '850', '979', '1007', '1082', '1109', '1348']
46	198676.json	['74', '146', '236', '361', '448', '489', '610', '616', '708', '885', '906', '953', '964', '1026', '1056', '1158', '1262', '1338']
47	198677.json	['73', '86', '92', '154', '241', '398', '411', '431', '524', '543', '591', '797', '850', '1049', '1109', '1135', '1141', '1181', '1375']
48	198678.json	['74', '228', '254', '293', '341', '448', '475', '586', '607', '708', '723', '752', '791', '862', '879', '958', '959', '1035', '1063', '1132', '1144', '1165', '1180', '1336', '1338', '1356', '1366', '1377']
49	198679.json	['15', '438', '616', '714', '885', '893', '953', '964', '1054', '1158', '1377']
50	198680.json	['19', '358', '371', '512', '607', '744', '980', '992', '1030', '1213']
51	198681.json	['1', '178', '426', '433', '620', '951', '1059', '1204', '1205', '1213', '1234', '1238', '1270', '1315', '1351', '1363']
52	198683.json	['6', '23', '256', '428', '478', '530', '815', '1085', '1179', '1330']
53	198684.json	['19', '44', '102', '347', '362', '428', '430', '433', '465', '530', '757', '785', '796', '886', '1058', '1059', '1234', '1350']
54	198685.json	['373', '374', '375', '376', '377', '378', '379', '380', '381', '436', '437', '438', '439', '440', '441', '442', '443', '444', '445', '446', '447', '448', '449', '450', '451', '452', '453', '454', '455', '456', '457', '458', '459', '460', '461', '462', '463', '464', '465', '466', '467', '468', '469', '470', '471', '472', '473', '474', '475', '476', '477', '478', '479', '480', '481', '482', '483', '484', '485', '486', '487', '488', '489', '490', '491', '492', '493', '494', '495', '496', '497', '498', '499', '500', '501', '502', '503', '504', '505', '506', '507', '508', '509', '510', '511', '512', '513', '514', '515', '516', '517', '518', '519', '520', '522']
55	198687.json	['111', '146', '225', '358', '538', '563', '578', '703', '734', '781', '987', '1077', '1168', '1229']
56	198689.json	['251', '260', '268', '398', '409', '428', '458', '530', '1121', '1185', '1226', '1255']
57	198690.json	['789', '797', '946', '952', '1226']
58	198691.json	['21', '86', '299', '309', '364', '447', '510', '591', '599', '702', '733', '750', '968', '969', '1003', '1007', '1195', '1277', '1309', '1375']
59	198692.json	['18', '724', '770', '940', '979', '996', '1221']
60	198693.json	['86', '591', '1375']
61	198694.json	['48', '218', '398', '530', '591', '705', '760', '770', '779', '979', '1082']
62	198695.json	['92', '154', '155', '478', '510', '733', '818', '850', '1007', '1093']
63	198696.json	['18', '241', '343', '398', '510', '543', '662', '666', '770', '797', '952', '979', '983', '1155', '1197', '1277']
64	198697.json	['37', '126', '236', '266', '279', '400', '448', '463', '489', '610', '635', '637', '691', '704', '788', '885', '958', '1000', '1026', '1046', '1056', '1065', '1126', '1159', '1161', '1173', '1196', '1338', '1393']
65	198699.json	['76', '167', '206', '409', '468', '590', '601', '664', '692', '762', '797', '799', '818', '946', '953', '999', '1071', '1110', '1195', '1210']
66	198700.json	['6', '79', '232', '264', '537', '641', '673', '720', '779', '818', '946', '983', '1033', '1093', '1113', '1155', '1181']
67	198701.json	['73', '86', '92', '109', '154', '157', '411', '510', '524', '543', '736', '797', '818', '850', '1109', '1141', '1181', '1253', '1319']
68	198703.json	['37', '126', '165', '203', '236', '266', '325', '345', '361', '400', '408', '437', '448', '454', '470', '502', '603', '625', '635', '637', '653', '691', '698', '795', '885', '958', '1026', '1046', '1065', '1126', '1159', '1161', '1162', '1173', '1220', '1259', '1338', '1376']
69	198704.json	['39', '164', '210', '404', '410', '433', '443', '474', '573', '710', '743', '796', '829', '886', '924', '941', '1023', '1024', '1030', '1103', '1204', '1213', '1231', '1238', '1279', '1315']
70	198705.json	['37', '112', '121', '126', '203', '214', '224', '236', '291', '319', '345', '437', '454', '463', '477', '489', '502', '545', '610', '635', '691', '698', '795', '836', '859', '874', '993', '1000', '1026', '1046', '1065', '1102', '1126', '1132', '1136', '1144', '1153', '1154', '1159', '1161', '1173', '1200', '1220', '1246', '1335', '1338', '1367', '1376']
71	198706.json	['6', '19', '242', '843', '853', '959', '1128', '1149']
72	198707.json	['115', '167', '231', '242', '328', '371', '484', '538', '632', '781', '785', '794', '828', '890', '1035', '1128', '1281', '1302', '1322']
73	198708.json	['338', '478', '513', '779', '789', '1250', '1330']
74	198710.json	['30', '155', '253', '616', '641', '733', '783', '818', '945', '946', '1093']
75	198711.json	['118', '185', '311', '338', '443', '604', '608', '796', '1029', '1250']
76	198712.json	['398', '530', '666', '1193', '1226', '1277']
77	198713.json	['591', '724', '797', '946', '979', '1197', '1277', '1375', '1385']
78	198714.json	['510', '733', '779', '789', '946', '952', '968']
79	198715.json	['242', '530', '695', '843', '853', '886']
80	198717.json	['111', '226', '616', '646', '893', '953', '999', '1158']
81	198718.json	['74', '146', '361', '417', '475', '489', '616', '696', '698', '708', '788', '806', '885', '958', '1026', '1065', '1119', '1132', '1144', '1170', '1338']
82	198719.json	['74', '89', '111', '182', '228', '291', '293', '341', '399', '475', '484', '502', '586', '607', '708', '723', '744', '752', '791', '858', '862', '1022', '1035', '1078', '1122', '1136', '1144', '1149', '1180', '1220', '1322', '1338', '1367']
83	198720.json	['19', '23', '102', '362', '433', '530', '843', '886', '1350']
84	198721.json	['760', '770', '779', '1277']
85	198722.json	['162', '166', '190', '252', '262', '317', '330', '339', '340', '344', '570', '582', '722', '734', '738', '783', '786', '798', '803', '822', '823', '920', '925', '945', '949', '976', '1034', '1133', '1182', '1229', '1233', '1278', '1298', '1303']
86	198724.json	['15', '147', '158', '448', '641', '680', '789', '1113', '1156', '1158', '1377']
87	198725.json	['38', '73', '92', '241', '398', '524', '543', '666', '736', '797', '996', '1082', '1141', '1155', '1181', '1277', '1319', '1375']
88	198726.json	['92', '591', '659', '662', '702', '797', '979', '1007', '1135']
89	198727.json	['19', '428', '779', '796', '1255']
90	198728.json	['18', '116', '458', '459', '591', '724', '797', '850', '855', '979', '996', '1109', '1135', '1197', '1223', '1265']
91	198729.json	['92', '154', '241', '398', '411', '591', '659', '702', '705', '797', '979', '1007', '1082']
92	198730.json	['146', '203', '756', '791', '836', '1035', '1200', '1232', '1259', '1338', '1356', '1366', '1376']
93	198732.json	['14', '15', '92', '616', '641', '680', '953', '1093', '1119']
94	198733.json	['86', '92', '241', '398', '591', '659', '724', '818', '943', '946', '979', '1007', '1033', '1277', '1375']
95	198734.json	['30', '32', '154', '155', '167', '232', '253', '321', '418', '421', '616', '811', '818', '945', '946', '1093', '1096', '1156', '1223', '1358']
96	198737.json	['15', '37', '236', '345', '361', '400', '408', '463', '489', '610', '625', '637', '691', '859', '906', '958', '964', '1000', '1026', '1046', '1056', '1065', '1158', '1159', '1161', '1173', '1196', '1286', '1338']
97	198739.json	['40', '48', '232', '264', '367', '447', '510', '514', '543', '662', '702', '733', '742', '797', '871', '946', '952', '983', '1155', '1211', '1277', '1331', '1375', '1388']
98	198740.json	['235', '276', '362', '429', '430', '478', '507', '516', '530', '550', '695', '757', '785', '833', '843', '886', '1085', '1350']
99	198741.json	['37', '126', '203', '236', '266', '279', '325', '361', '400', '408', '437', '448', '463', '470', '489', '502', '545', '603', '610', '637', '653', '691', '698', '708', '788', '795', '859', '885', '958', '1026', '1046', '1065', '1126', '1159', '1161', '1173', '1220', '1286', '1338', '1376']
100	198742.json	['44', '362', '430', '507', '530', '550', '695', '757', '785', '886']
101	198744.json	['48', '92', '154', '241', '398', '591', '702', '705', '797', '831', '946', '952', '979', '1007', '1082', '1135', '1277']
102	198745.json	['431', '591', '639', '659', '662', '797', '850', '979', '1003', '1197', '1375']
103	198746.json	['19', '428', '607', '779', '965', '1255']
104	198748.json	['92', '154', '428', '818']
105	198749.json	['18', '398', '458', '666', '797', '871', '979', '1215', '1221', '1388']
106	198751.json	['73', '86', '92', '154', '264', '411', '537', '591', '797', '946', '996', '1007', '1033', '1041', '1174', '1197', '1326']
107	198752.json	['73', '86', '92', '154', '155', '411', '537', '616', '818', '946', '952', '996', '1007', '1033', '1041', '1174']
108	198753.json	['222', '313']
109	198754.json	['6', '23', '242', '641', '663', '1119', '1128', '1132']
110	198755.json	['256', '430', '465', '500', '757', '779', '785', '1231']
111	198756.json	['101', '164', '218', '336', '428', '500', '609', '743', '770', '779', '796', '886', '951', '977', '1059', '1103', '1226', '1250', '1255', '1350']
112	198757.json	['69', '220', '538', '782', '980', '1001', '1106', '1213']
113	198758.json	['236', '266', '345', '408', '448', '463', '470', '610', '637', '694', '704', '767', '806', '859', '964', '1046', '1056', '1196']
114	198759.json	['38', '68', '73', '173', '411', '537', '741', '797', '967', '979', '983', '996', '1019', '1155', '1277']
115	198760.json	['15', '236', '266', '279', '400', '408', '417', '470', '494', '610', '637', '704', '767', '806', '857', '859', '906', '1046', '1056', '1158']
116	198761.json	['86', '147', '150', '232', '505', '510', '514', '663', '733', '789', '818', '946', '1155', '1375']
117	198762.json	['150', '946', '1010', '1375']
118	198765.json	['241', '398', '591', '705', '770', '797', '850', '979', '1007', '1033', '1082', '1226', '1264', '1277']
119	198767.json	['92', '154', '155', '411', '510', '591', '733', '818', '850', '953', '1003', '1007', '1093', '1155', '1253', '1262', '1319']
120	198768.json	['86', '741', '996', '1003', '1007']
121	198769.json	['1', '39', '129', '177', '246', '347', '357', '410', '430', '439', '455', '465', '474', '492', '513', '565', '580', '677', '753', '785', '941', '951', '1204', '1231', '1238', '1279', '1281', '1311', '1350']
122	198770.json	['478', '510', '945', '953', '1119']
123	198771.json	['74', '147', '361', '603', '616', '646', '680', '696', '714', '788', '958', '1096', '1119', '1132', '1158', '1377']
124	198772.json	['89', '96', '111', '112', '121', '126', '141', '203', '214', '224', '229', '269', '290', '319', '437', '454', '477', '502', '515', '539', '545', '561', '584', '691', '698', '791', '807', '826', '836', '874', '993', '1026', '1064', '1078', '1086', '1102', '1114', '1126', '1136', '1143', '1144', '1153', '1159', '1161', '1164', '1173', '1186', '1200', '1207', '1220', '1246', '1285', '1338', '1356', '1367', '1376']
125	198773.json	['37', '89', '112', '121', '126', '203', '214', '224', '269', '319', '345', '437', '454', '477', '502', '545', '561', '584', '610', '635', '637', '691', '698', '795', '836', '859', '874', '958', '993', '1000', '1026', '1046', '1065', '1078', '1102', '1126', '1136', '1154', '1159', '1161', '1173', '1200', '1220', '1246', '1335', '1338', '1367', '1376']
126	198775.json	['178', '256', '779', '1337']
127	198776.json	['86', '116', '241', '264', '510', '871', '946', '983', '1155']
128	198778.json	['241', '398', '591', '629', '662', '705', '797', '940', '979', '1221', '1277']
129	198779.json	['530', '770', '979', '1082', '1250', '1348']
130	198780.json	['48', '73', '92', '154', '155', '241', '264', '367', '411', '447', '510', '537', '543', '591', '659', '662', '702', '733', '797', '818', '871', '979', '983', '996', '1007', '1093', '1096', '1109', '1155', '1181', '1277', '1375']
131	198781.json	['37', '165', '236', '248', '266', '279', '325', '345', '361', '400', '408', '417', '470', '494', '506', '541', '542', '577', '605', '610', '625', '637', '653', '691', '767', '857', '859', '1000', '1026', '1046', '1051', '1054', '1056', '1065', '1146', '1158', '1159', '1162', '1196']
132	198782.json	['236', '266', '408', '463', '470', '610', '637', '694', '704', '806', '859', '964', '1046', '1056']
133	198783.json	['89', '112', '121', '126', '141', '203', '214', '224', '269', '319', '437', '454', '477', '502', '515', '545', '561', '584', '691', '698', '836', '874', '993', '1000', '1026', '1064', '1065', '1102', '1114', '1126', '1136', '1143', '1153', '1159', '1161', '1164', '1173', '1186', '1200', '1207', '1220', '1246', '1259', '1285', '1338', '1367', '1376']
134	198784.json	['15', '147', '417', '616', '788', '1056', '1156', '1158', '1377']
135	198785.json	['38', '73', '86', '92', '109', '157', '179', '196', '256', '411', '524', '543', '736', '996', '1019', '1109', '1141', '1181', '1248', '1253', '1302']
136	198786.json	['7', '19', '44', '58', '107', '182', '219', '235', '244', '276', '307', '336', '347', '368', '385', '412', '465', '507', '513', '530', '606', '617', '640', '695', '833', '843', '886', '914', '1037', '1085', '1138', '1239', '1308', '1350']
137	198787.json	['431', '591', '639', '724', '762', '797', '850', '979', '999', '1003']
138	198789.json	['203', '345', '448', '489', '691', '788', '795', '885', '953', '1000', '1026', '1046', '1065', '1158', '1159', '1161', '1286']
139	198790.json	['117', '362', '679']
140	198791.json	['15', '236', '403', '417', '438', '448', '494', '788', '859', '953', '964', '1046', '1056', '1158', '1377']
141	198792.json	['19', '167', '228', '246', '323', '328', '346', '371', '404', '456', '474', '484', '554', '607', '688', '785', '804', '927', '941', '959', '965', '1231', '1255', '1281']
142	198793.json	['398', '428', '591', '797', '979', '1082', '1226']
143	198794.json	['15', '92', '438', '448', '616', '680', '714', '893', '953', '964', '1056', '1113', '1158', '1377']
144	198795.json	['15', '86', '438', '616', '893', '946', '952', '953', '1071', '1119']
145	198796.json	['6', '38', '256', '258', '524', '741', '843', '1179']
146	198797.json	['102', '362', '629', '666', '679', '705', '797', '1082']
147	198799.json	['73', '86', '92', '241', '797', '850', '979', '996', '1007', '1277']
148	198802.json	['1', '6', '19', '178', '256', '336', '347', '410', '430', '433', '465', '500', '513', '785', '951', '1231', '1234', '1255', '1279', '1311', '1350']
149	198803.json	['6', '23', '242', '478', '1085', '1179', '1337']
150	198804.json	['73', '86', '92', '154', '155', '241', '398', '411', '510', '591', '616', '662', '702', '797', '818', '850', '996', '1007', '1033', '1109', '1253', '1319']
151	198807.json	['430', '500', '513', '785', '886', '1059']
152	198808.json	['269', '837', '854', '999']
153	198809.json	['38', '235', '258', '276', '430', '530', '741', '843', '871', '983', '1019', '1155', '1277']
154	198810.json	['34', '83', '189', '273', '487', '504', '590', '645', '664', '675', '712', '762', '952', '990', '999', '1071', '1317']
155	198811.json	['33', '43', '105', '150', '338', '457', '490', '514', '608', '675', '740', '789', '827', '847', '856', '870', '1131', '1310', '1349', '1385']
156	198812.json	['398', '591', '659', '724', '797', '979', '1003', '1109', '1253']
157	198813.json	['96', '121', '214', '224', '269', '319', '420', '454', '477', '502', '515', '545', '578', '807', '836', '862', '874', '993', '1026', '1064', '1078', '1114', '1126', '1136', '1143', '1153', '1154', '1159', '1161', '1173', '1180', '1186', '1200', '1207', '1220', '1246', '1285', '1335', '1338', '1366', '1367', '1376', '1378']
158	198814.json	['14', '15', '158', '266', '400', '448', '451', '470', '497', '704', '882', '885', '964', '1056', '1158', '1170', '1286', '1377']
159	198815.json	['86', '92', '154', '591', '673', '705', '797', '818', '946', '952', '979', '1277']
160	198816.json	['158', '236', '266', '279', '345', '448', '470', '489', '494', '541', '577', '704', '859', '885', '906', '953', '1000', '1026', '1046', '1065', '1078', '1154', '1159', '1161', '1286', '1338', '1377']
161	198818.json	['5', '133', '222', '239', '348', '358', '376', '839', '872', '1168']
162	198820.json	['428', '530', '757', '785', '886', '1082', '1350']
163	198822.json	['399', '959', '1030', '1322', '1366']
164	198824.json	['92', '199', '241', '398', '510', '524', '591', '750', '789', '952', '1118', '1131', '1178']
165	198825.json	['96', '112', '121', '126', '214', '224', '269', '319', '437', '454', '477', '515', '545', '561', '563', '576', '578', '584', '784', '791', '807', '826', '836', '837', '1026', '1064', '1078', '1086', '1114', '1126', '1143', '1153', '1159', '1161', '1173', '1186', '1207', '1246', '1285', '1335', '1366', '1393']
166	198826.json	['86', '510', '524', '779', '789', '870', '1231', '1242', '1375']
167	198827.json	['1', '6', '178', '256', '410', '419', '430', '433', '465', '492', '512', '516', '991', '1059', '1231', '1234', '1279', '1311', '1337']
168	198829.json	['15', '438', '616', '680', '694', '714', '728', '893', '953', '964', '1003', '1096', '1158']
169	198830.json	['661']
170	198833.json	['1260']
171	198834.json	['167', '358', '563', '1030', '1232', '1252', '1366']
172	198835.json	['73', '92', '116', '797', '850']
173	198836.json	['5', '133', '222', '376', '839', '980', '1106', '1303']
174	198837.json	['74', '89', '111', '146', '269', '291', '454', '475', '502', '545', '586', '752', '791', '836', '858', '862', '1000', '1035', '1078', '1097', '1120', '1132', '1136', '1143', '1144', '1149', '1154', '1161', '1180', '1200', '1220', '1322', '1335', '1338', '1356', '1366', '1367']
175	198838.json	['89', '111', '121', '141', '214', '224', '269', '291', '319', '348', '454', '475', '488', '502', '515', '545', '578', '793', '826', '836', '858', '993', '1026', '1035', '1064', '1078', '1114', '1126', '1136', '1143', '1144', '1154', '1160', '1180', '1186', '1207', '1219', '1220', '1246', '1285', '1335', '1338', '1367']
176	198841.json	['44', '362', '530', '886']
177	198842.json	['86', '92', '241', '398', '591', '702', '797', '850', '979', '1033', '1082', '1277', '1348']
178	198843.json	['34', '150', '160', '191', '338', '343', '481', '692', '1028']
179	198844.json	['3', '10', '31', '35', '54', '57', '125', '180', '188', '275', '324', '354', '416', '611', '735', '938', '978', '1050', '1068', '1095', '1185', '1197', '1313', '1355', '1381']
180	198845.json	['19', '23', '167', '404', '428', '484', '530', '607', '965', '1213', '1255', '1322']
181	198847.json	['6', '243', '256', '510', '524', '770', '779', '946', '952', '991', '1155', '1337']
182	198848.json	['48', '92', '241', '398', '510', '530', '591', '666', '702', '705', '770', '797', '871', '897', '979', '1007', '1082', '1221', '1226', '1277', '1388']
183	198849.json	['343', '779', '968']
184	198850.json	['18', '235', '530', '666', '724', '741', '770', '797', '979', '1019', '1082', '1277']
185	198852.json	['69', '225', '300', '348', '538', '563', '578', '585', '768', '781', '830', '839', '863', '880', '925', '985', '987', '1021', '1035', '1064', '1077', '1078', '1101', '1114', '1120', '1203', '1322']
186	198853.json	['203', '448', '489', '506', '616', '691', '788', '885', '906', '953', '964', '1026', '1158', '1159', '1161', '1286', '1338', '1377']
187	198854.json	['150', '343', '514', '779', '789', '968', '1277']
188	198855.json	['6', '178', '256', '410', '430', '500', '779', '785', '886', '991', '1059']
189	198856.json	['211', '310', '682', '684', '692', '693', '855', '962', '997', '1014', '1130', '1137', '1270', '1299']
190	198859.json	['48', '86', '92', '241', '447', '478', '662', '733', '779', '979', '1007', '1226', '1277', '1330']
191	198860.json	['6', '44', '218', '243', '410', '478', '507', '550', '695', '770', '991', '1059', '1179', '1330', '1337']
192	198863.json	['14', '15', '236', '448', '450', '451', '494', '497', '610', '616', '704', '882', '885', '953', '964', '1056', '1156', '1158', '1167', '1377']
193	198864.json	['15', '147', '158', '236', '417', '438', '694', '696', '714', '788', '953', '964', '1056', '1096', '1119', '1158', '1377']
194	198865.json	['165', '345', '349', '400', '417', '454', '463', '489', '506', '541', '542', '616', '637', '646', '647', '676', '714', '717', '730', '767', '788', '857', '885', '893', '906', '999', '1000', '1026', '1051', '1126', '1162', '1163', '1214', '1324', '1338', '1352', '1376', '1378', '1393']
195	198866.json	['48', '92', '154', '398', '510', '524', '591', '702', '705', '797', '818', '850', '979', '983', '1082', '1109', '1155', '1277']
196	198867.json	['370', '372', '373', '374', '375', '376', '377', '378', '379', '380', '381', '434', '435', '436', '437', '438', '439', '440', '441', '442', '443', '444', '445', '446', '447', '448', '449', '450', '451', '452', '453', '454', '455', '456', '457', '458', '459', '460', '461', '462', '463', '464', '465', '466', '467', '468', '469', '470', '471', '472', '473', '474', '475', '476', '477', '478', '479', '480', '481', '482', '483', '484', '485', '486', '487', '488', '489', '490', '491', '492', '493', '494', '495', '496', '497', '498', '499', '500', '501', '502', '503', '504', '505', '506', '507', '508', '509', '510', '511', '512', '513', '514', '515', '516', '517', '518', '519', '520']
197	198868.json	['0', '126', '1338']
198	198869.json	['0', '704']
199	198870.json	['591', '797', '979', '996', '1007', '1033', '1041']
200	198871.json	['111', '144', '146', '182', '225', '239', '291', '300', '348', '358', '399', '475', '633', '744', '768', '814', '858', '925', '1035', '1078', '1101', '1120', '1144', '1160', '1180', '1203']
201	198872.json	['178', '757', '779', '785', '796', '1059']
202	198873.json	['92', '154', '428', '478', '530', '815', '945', '1082', '1085']
203	198874.json	['26', '44', '218', '428', '500', '522', '530', '591', '705', '724', '779', '1082', '1197']
204	198875.json	['37', '236', '266', '345', '400', '408', '463', '470', '494', '541', '610', '637', '767', '806', '859', '1046', '1056', '1196']
205	198876.json	['638', '1351']
206	198877.json	['86', '92', '109', '429', '478', '510', '641', '662', '702', '733', '815', '1007', '1093', '1155', '1319', '1330']
207	198878.json	['86', '241', '514', '741', '760', '779', '789', '946', '1226', '1277', '1330', '1375']
208	198879.json	['144', '167', '226', '358', '468', '479', '590', '601', '616', '714', '781', '866', '893', '939', '953', '987', '999', '1021', '1077', '1342', '1359', '1378']
209	198880.json	['48', '86', '92', '109', '154', '155', '241', '510', '524', '537', '641', '702', '733', '818', '850', '946', '979', '1007', '1082', '1093', '1155', '1319']
210	198881.json	['34', '724', '797', '946', '990', '1385']
211	198882.json	['48', '92', '154', '241', '411', '510', '591', '702', '705', '733', '797', '831', '979', '1007', '1082', '1364']
212	198883.json	['182', '433', '484', '843', '886', '918']
213	198884.json	['15', '417', '494', '616', '646', '694', '906', '953', '1046', '1158']
214	198885.json	['218', '430', '500', '743', '785', '1250', '1350']
215	198886.json	['168', '178', '256', '410', '439', '513', '785', '1059']
216	198887.json	['86', '157', '510', '524', '616', '733', '818', '1119', '1155']
217	198888.json	['73', '86', '92', '367', '411', '511', '543', '671', '736', '797', '850', '996', '1109', '1141', '1181', '1248', '1319']
218	198889.json	['0', '111', '126', '214', '224', '319', '420', '454', '502', '578', '793', '807', '836', '1064', '1078', '1102', '1114', '1126', '1136', '1143', '1144', '1154', '1161', '1173', '1180', '1200', '1220', '1338', '1367']
219	198890.json	['147', '616', '626', '714', '1119', '1165', '1344', '1377']
220	198891.json	['37', '236', '248', '266', '408', '417', '470', '494', '610', '637', '767', '857', '859', '906', '1000', '1046', '1056', '1065', '1161']
221	198892.json	['0', '1119', '1248', '1344']
222	198893.json	['37', '165', '236', '248', '325', '345', '349', '361', '400', '408', '463', '489', '506', '541', '542', '577', '605', '610', '625', '637', '691', '767', '859', '958', '1000', '1026', '1046', '1051', '1054', '1065', '1158', '1159', '1161', '1286']
223	198894.json	['38', '116', '398', '741', '789', '797', '946', '979', '983', '996', '1067', '1155', '1277']
224	198895.json	['182', '242', '433', '465', '530', '843', '853', '886', '933']
225	198896.json	['236', '694', '859', '1158']
226	198897.json	['19', '23', '433', '465', '513', '640', '695', '785', '796', '1350']
227	198899.json	['79', '86', '196', '451', '505', '663', '733', '810', '1119', '1170', '1375']
228	198900.json	['6', '92', '154', '343', '428', '478', '507', '516', '530', '550', '695', '770', '815', '897', '1155', '1179', '1302']
229	198901.json	['347', '410', '433', '465', '500', '843', '886', '918', '933', '1234', '1279']
230	198902.json	['19', '58', '235', '347', '530', '677', '695', '833', '843']
231	198904.json	['47', '779', '965']
232	198906.json	['48', '86', '150', '241', '741', '797', '1277']
233	198907.json	['1', '19', '178', '250', '256', '347', '357', '428', '439', '465', '530', '565', '770', '1231', '1279', '1281', '1337']
234	198910.json	['37', '146', '214', '319', '341', '437', '475', '477', '488', '489', '502', '545', '584', '698', '795', '836', '862', '879', '958', '1011', '1026', '1035', '1078', '1126', '1132', '1136', '1144', '1159', '1164', '1173', '1180', '1200', '1220', '1232', '1259', '1338', '1356', '1366', '1367', '1376', '1378']
235	198911.json	['86', '92', '241', '702', '750', '797', '850', '946', '952', '1007', '1082', '1331', '1375']
236	198912.json	['454', '489', '502', '836', '906', '1000', '1026', '1126', '1136', '1143', '1144', '1154', '1158', '1324', '1338', '1376', '1393']
237	198913.json	['1', '347', '410', '433', '443', '500', '710', '743', '796', '886', '924', '1059', '1234', '1315']
238	198914.json	['241', '478', '770', '779', '1330']
239	198915.json	['0', '242', '728', '733', '814', '948', '1035', '1303', '1344']
240	198917.json	['6', '23', '256', '410', '779', '843', '938', '1058']
241	198918.json	['147', '158', '616', '641', '663', '696', '906', '1113', '1119', '1377']
242	198919.json	['154', '155', '196', '510', '537', '616', '663', '818', '946', '952', '1155']
243	198920.json	['18', '38', '73', '411', '524', '543', '591', '736', '979', '996', '1109', '1141', '1181', '1277']
244	198922.json	['165', '345', '400', '417', '463', '489', '494', '541', '616', '637', '714', '767', '857', '859', '885', '893', '906', '964', '1000', '1026', '1046', '1054', '1056', '1065', '1158', '1159', '1377']
245	198923.json	['43', '142', '150', '221', '457', '593', '601', '675', '789', '955', '1107', '1131']
246	198924.json	['291', '348', '538', '539', '563', '568', '578', '768', '791', '862', '985', '1022', '1078', '1101', '1127', '1322', '1335', '1356', '1366']
247	198925.json	['6', '19', '178', '433', '465', '843', '1059', '1234', '1311']
248	198926.json	['105', '150', '338', '409', '428', '457', '458', '591', '789', '1017', '1025', '1131', '1226', '1332', '1357']
249	198927.json	['18', '48', '241', '398', '591', '797', '850', '979', '1033', '1041', '1174', '1197', '1236', '1253', '1277', '1348']
250	198928.json	['348', '484', '1213', '1303']
251	198929.json	['38', '73', '92', '154', '157', '398', '411', '510', '524', '543', '591', '736', '741', '797', '818', '850', '979', '996', '1109', '1141', '1155', '1181', '1253', '1277', '1302', '1319']
252	198931.json	['242', '343', '510', '843', '1155']
253	198932.json	['616', '810', '882', '1170']
254	198933.json	['0', '116', '602', '1143', '1248']
255	198934.json	['24', '109', '641', '733', '1119', '1248']
256	198935.json	['0', '96', '121', '214', '224', '229', '290', '319', '420', '454', '477', '502', '539', '561', '578', '784', '793', '807', '826', '836', '1064', '1086', '1102', '1114', '1126', '1136', '1143', '1173', '1186', '1219', '1220', '1246', '1285', '1335', '1338', '1367']
257	198937.json	['25', '43', '105', '116', '405', '457', '518', '670', '740', '765', '847', '1131', '1349']
258	198938.json	['92', '154', '155', '157', '398', '510', '702', '705', '733', '797', '818', '850', '979', '1007', '1033', '1082', '1093', '1116', '1319']
259	198939.json	['146', '165', '203', '226', '489', '506', '545', '696', '714', '885', '1000', '1159', '1284', '1342']
260	198940.json	['789']
261	198941.json	['6', '733', '779', '843']
262	198942.json	['0', '448', '704', '1170']
263	198944.json	['86', '591', '946', '1375']
264	198945.json	['48', '86', '428', '779', '1155', '1277']
265	198946.json	['37', '236', '266', '345', '400', '408', '417', '438', '463', '470', '494', '541', '610', '625', '635', '637', '694', '767', '859', '1046', '1054', '1056', '1158', '1196']
266	198947.json	['37', '165', '236', '284', '325', '345', '400', '417', '437', '470', '489', '541', '542', '634', '652', '676', '727', '730', '767', '795', '859', '1000', '1026', '1046', '1051', '1054', '1065', '1126', '1146', '1158', '1159', '1201', '1286', '1352', '1393']
267	198948.json	['86', '150', '241', '591', '789', '946', '1007', '1080', '1277', '1375']
268	198949.json	['44', '250', '530', '540', '591', '833', '1019', '1072', '1082']
269	198950.json	['478']
270	198951.json	['953', '1170']
271	198952.json	['44', '410', '428', '430', '433', '465', '530', '741', '757', '785', '886']
272	198953.json	['47', '147', '472', '692', '965', '1119']
273	198954.json	['147', '254', '309', '494', '616', '663', '734', '822', '893', '942', '945', '964', '1119', '1156', '1377']
274	198955.json	['86', '196', '537', '789', '810', '946', '1007', '1158', '1310', '1349']
275	198956.json	['480', '782', '980', '1001', '1106']
276	198957.json	['96', '111', '113', '146', '225', '269', '291', '475', '488', '563', '578', '633', '781', '836', '858', '987', '1021', '1035', '1077', '1078', '1114', '1120', '1143', '1160', '1219', '1335', '1338', '1367', '1378']
277	198958.json	['142', '150', '797', '946', '1028', '1118', '1375', '1385']
278	198959.json	['336', '398', '428', '500', '591', '692', '705', '770', '797', '870', '1082', '1226', '1255']
279	198960.json	['0', '448', '704', '1170']
280	198961.json	['92', '313', '616', '663', '733', '815', '942', '1033', '1093', '1181', '1319']
281	198963.json	['37', '147', '236', '345', '361', '400', '408', '417', '438', '463', '494', '541', '625', '637', '694', '767', '859', '1000', '1046', '1054', '1056', '1065', '1158', '1286']
282	198964.json	['291', '348', '480', '538', '568', '768', '781', '790', '980', '1001', '1021', '1022', '1101', '1106', '1127', '1180', '1203']
283	198965.json	['417', '468', '506', '616', '646', '647', '676', '714', '717', '728', '730', '885', '893', '953', '1000', '1054', '1096', '1158', '1163', '1182', '1210', '1324']
284	198968.json	['39', '44', '210', '245', '347', '410', '433', '500', '565', '620', '739', '785', '886', '933', '1058', '1059', '1213', '1234', '1279', '1308', '1315']
285	198969.json	['48', '92', '154', '241', '398', '411', '591', '702', '705', '797', '850', '952', '979', '1007', '1082', '1109', '1135', '1277']
286	198971.json	['18', '44', '48', '86', '92', '241', '367', '398', '447', '524', '591', '666', '741', '797', '979', '983', '996', '1082', '1277', '1319']
287	198973.json	['1170']
288	198974.json	['86', '196', '394', '440', '497', '601', '681', '810', '882', '885', '953', '954', '969', '1140', '1310', '1375', '1377', '1385']
289	198975.json	['154', '398', '591', '705', '797', '818', '850', '979', '1109', '1197', '1253']
290	198976.json	['37', '236', '345', '361', '400', '408', '417', '463', '470', '489', '610', '635', '637', '694', '767', '806', '859', '1046', '1056', '1065', '1158', '1196']
291	198978.json	['15', '86', '497', '510', '789', '885', '1158', '1310', '1375', '1377']
292	198979.json	['15', '147', '254', '451', '497', '641', '646', '680', '696', '789', '882', '964', '1119', '1156', '1377']
293	198980.json	['86', '92', '154', '241', '411', '591', '662', '702', '733', '797', '952', '996', '1003', '1007', '1319', '1331']
294	198981.json	['241', '398', '524', '591']
295	198982.json	['92', '154', '155', '398', '510', '524', '537', '591', '733', '818', '946', '983', '1007', '1093', '1155', '1181', '1319', '1375']
296	198984.json	['439', '456', '461', '465', '500', '513', '517']
297	198986.json	['19', '23', '168', '242', '257', '306', '328', '371', '465', '512', '513', '607', '640', '677', '757', '785', '794', '828', '959', '1012', '1085', '1128', '1231', '1281', '1322']
298	198987.json	['1', '19', '177', '295', '357', '439', '443', '465', '492', '513', '565', '640', '796', '1029', '1231', '1279', '1281', '1311', '1350', '1361']
299	198990.json	['48', '92', '154', '591', '705', '797', '979', '996', '1221', '1277']
300	198991.json	['25', '59', '145', '188', '251', '457', '458', '551', '643', '825', '847', '849', '856', '937', '995', '1006', '1025', '1032', '1131', '1182', '1293', '1332', '1370']
301	198993.json	['15', '236', '248', '266', '345', '408', '417', '463', '489', '610', '635', '637', '694', '767', '859', '1026', '1046', '1056', '1065', '1158', '1161', '1196']
302	198994.json	['146']
303	198995.json	['37', '165', '201', '236', '266', '325', '345', '349', '400', '408', '437', '463', '470', '476', '489', '541', '542', '545', '577', '605', '610', '634', '635', '652', '676', '694', '704', '727', '730', '788', '865', '874', '885', '958', '964', '1000', '1026', '1046', '1053', '1056', '1065', '1126', '1145', '1159', '1196', '1352', '1376']
304	198996.json	['478', '695', '733']
305	198997.json	['92', '154', '241', '398', '510', '591', '705', '797', '818', '946', '952', '979', '1007', '1082']
306	198998.json	['313', '358', '1284']
307	198999.json	['111', '146', '291', '341', '475', '484', '488', '586', '744', '752', '768', '858', '1078', '1097', '1144', '1160', '1180', '1322', '1356']
308	199000.json	['47', '86', '217', '504']
309	199002.json	['273', '398', '449', '629', '631', '762', '797', '946', '979', '990', '1002', '1049', '1135', '1172', '1221', '1223', '1348']
310	199003.json	['211', '310', '682', '684', '692', '693', '855', '962', '997', '1014', '1130', '1137', '1270', '1299']
311	199004.json	['524', '770', '779', '946', '952', '1082', '1155']
312	199005.json	['38', '73', '86', '92', '109', '235', '256', '524', '543', '736', '741', '843', '1019', '1141', '1181', '1319']
313	199006.json	['343', '1177', '1193', '1277']
314	199008.json	['6', '178', '256', '410', '843']
315	199009.json	['73', '116', '173', '367', '411', '537', '720', '983', '996']
316	199010.json	['410', '1059', '1226']
317	199011.json	['73', '92', '367', '411', '659', '662', '733', '979', '1003', '1007', '1375']
318	199012.json	['743', '796', '886', '1250']
319	199014.json	['44', '343', '433', '478', '695', '886', '1350']
320	199016.json	['155', '157', '428', '478', '695', '1155']
321	199017.json	['657', '756', '1259', '1366']
322	199018.json	['1170']
323	199019.json	['168', '306', '439', '465', '513', '640', '785', '843']
324	199021.json	['19', '251', '260', '404', '428', '530', '564', '607', '748', '805', '1255']
325	199022.json	['128', '182', '242', '280', '293', '399', '484', '586', '843', '1035']
326	199023.json	['38', '44', '116', '250', '843', '979', '1019']
327	199024.json	['211', '310', '682', '684', '692', '693', '855', '962', '997', '1014', '1130', '1137', '1270', '1299']
328	199026.json	['218', '430', '500', '514', '741', '743', '779', '785', '1059']
329	199027.json	['24', '182', '242', '399', '815', '1085']
330	199028.json	['73', '92', '154', '411', '537', '662', '797', '818', '979', '983', '996', '1003', '1109', '1155', '1277']
331	199029.json	['86', '92', '154', '398', '510', '789', '818', '1082']
332	199030.json	['6', '256', '430', '620', '779', '938', '1058', '1179']
333	199032.json	['86', '315', '438', '953', '1003', '1181', '1375']
334	199033.json	['86', '92', '591', '1375']
335	199034.json	['466', '469', '544', '614', '615', '693', '1212']
336	199036.json	['19', '44', '235', '276', '398', '429', '478', '530', '550', '695', '705', '757', '815', '833', '979', '1082', '1226', '1302']
337	199037.json	['79', '155', '537', '616', '641', '663', '733', '818', '1093', '1119', '1179']
338	199038.json	['15', '438', '463', '494', '616', '714', '857', '885', '893', '906', '953', '964', '1046', '1056', '1132', '1156', '1158', '1167', '1377']
339	199039.json	['15', '74', '438', '489', '616', '646', '893', '953', '1000', '1119', '1158', '1344']
340	199040.json	['537', '616', '720', '818', '953', '1113', '1156']
341	199041.json	['89', '96', '111', '112', '203', '214', '224', '269', '319', '454', '477', '502', '515', '539', '545', '561', '578', '698', '756', '784', '791', '807', '836', '862', '879', '1064', '1078', '1086', '1102', '1114', '1132', '1136', '1153', '1159', '1161', '1173', '1180', '1200', '1214', '1220', '1232', '1246', '1259', '1338', '1356', '1366', '1367', '1376', '1378']
342	199042.json	['348', '358', '456', '538', '563', '568', '768', '814', '985', '1086', '1143', '1356', '1366']
343	199043.json	['111', '146', '182', '399', '420', '475', '484', '488', '586', '607', '744', '768', '790', '791', '858', '862', '959', '1022', '1035', '1143', '1149', '1160', '1165', '1180', '1322', '1366']
344	199044.json	['6', '23', '225', '254', '399', '512', '734', '783', '822', '942', '945', '959', '1119', '1149', '1165']
345	199045.json	['32', '74', '76', '321', '403', '468', '489', '494', '547', '616', '626', '708', '714', '717', '885', '893', '906', '953', '964', '1000', '1113', '1156', '1163', '1210', '1262', '1377']
346	199046.json	['478', '530', '695']
347	199047.json	['6', '158', '254', '399', '616', '641', '696', '708', '1113', '1119', '1156', '1158', '1165', '1377']
348	199048.json	['6', '19', '167', '399', '512', '607', '779', '959', '991', '992', '1128', '1165', '1179']
349	199049.json	['510', '779', '789', '818', '870', '1226']
350	199050.json	['48', '241', '398', '530', '666', '797', '979', '1277']
351	199051.json	['38', '73', '86', '524', '736', '1141', '1181']
352	199052.json	['89', '111', '141', '146', '225', '239', '291', '348', '475', '488', '545', '578', '586', '744', '768', '790', '791', '793', '836', '858', '862', '918', '1035', '1064', '1078', '1097', '1101', '1114', '1120', '1132', '1143', '1144', '1149', '1160', '1180', '1203', '1220', '1322', '1335', '1366', '1367']
353	199053.json	['121', '126', '203', '214', '224', '248', '291', '319', '437', '454', '477', '502', '545', '584', '691', '698', '836', '874', '993', '1000', '1026', '1064', '1065', '1102', '1126', '1132', '1136', '1153', '1154', '1159', '1161', '1173', '1200', '1220', '1246', '1335', '1338', '1367', '1376']
354	199056.json	['86', '449', '692', '1221', '1250', '1375']
355	199057.json	['438', '692', '818', '893', '946', '952', '953', '1158', '1375']
356	199058.json	['19', '23', '58', '428', '530', '695', '833', '886', '1302']
357	199059.json	['18', '679', '724', '797', '979', '1019', '1082']
358	199060.json	['294', '576', '661', '837', '987', '1101']
359	199061.json	['38', '86', '157', '241', '510', '983']
360	199063.json	['241', '431', '666', '797', '946', '979', '1007', '1277', '1375']
361	199065.json	['211', '310', '682', '684', '692', '693', '855', '962', '997', '1014', '1130', '1137', '1270', '1299']
362	199066.json	['111', '144', '146', '167', '254', '291', '348', '371', '475', '563', '586', '633', '768', '858', '925', '1035', '1078', '1160', '1322']
363	199067.json	['403', '494', '616', '736', '857', '906', '1167', '1377']
364	199068.json	['1', '250', '347', '410', '433', '439', '443', '465', '512', '513', '565', '785', '796', '941', '1231', '1234', '1279', '1281', '1311', '1315']
365	199069.json	['242', '433', '465', '500', '640', '785', '843', '853', '886', '933']
366	199070.json	['150', '343']
367	199072.json	['15', '616', '953', '1119', '1165']
368	199073.json	['178', '430', '465', '513', '757', '785', '843', '1059']
369	199074.json	['500', '741', '843', '886', '979', '1019']
370	199075.json	['92', '154', '241', '398', '478', '510', '591', '705', '797', '818', '850', '870', '899', '979', '983', '1082', '1155', '1221']
371	199076.json	['14', '15', '616', '680', '736', '953', '1119', '1181']
372	199077.json	['69', '115', '133', '225', '239', '310', '376', '390', '538', '568', '781', '782', '830', '863', '880', '889', '980', '985', '1021', '1106', '1189', '1198', '1322']
373	199078.json	['236', '266', '345', '408', '417', '470', '494', '610', '637', '859', '906', '1046', '1056', '1158']
374	199079.json	['37', '165', '236', '248', '266', '279', '325', '345', '361', '400', '408', '417', '470', '489', '494', '506', '541', '610', '625', '635', '637', '653', '691', '694', '767', '806', '859', '958', '964', '1000', '1026', '1046', '1051', '1056', '1065', '1146', '1158', '1159', '1161', '1196']
375	199080.json	['197', '235', '242', '276', '306', '465', '507', '513', '516', '550', '640', '695', '757', '785', '843', '886', '1012', '1085']
376	199081.json	['92', '241', '398', '411', '431', '591', '797', '850', '979', '1082', '1109', '1236', '1277']
377	199082.json	['86', '92', '154', '155', '411', '478', '702', '733', '783', '815', '818', '850', '1007', '1085', '1093', '1319']
378	199083.json	['115', '144', '206', '239', '313', '317', '328', '348', '371', '376', '424', '581', '601', '754', '762', '781', '830', '863', '889', '939', '987', '1108', '1223', '1305', '1322']
379	199084.json	['92', '154', '155', '478', '510', '616', '641', '733', '818', '946', '953', '1093', '1119', '1155']
380	199085.json	['111', '146', '291', '348', '358', '371', '475', '488', '563', '744', '768', '858', '925', '1035', '1064', '1078', '1101', '1120', '1128', '1149', '1160', '1322', '1335']
381	199086.json	['37', '112', '126', '165', '203', '236', '266', '279', '325', '345', '361', '400', '408', '437', '454', '470', '489', '603', '605', '610', '625', '635', '637', '653', '691', '698', '704', '767', '806', '859', '874', '958', '1000', '1026', '1046', '1051', '1056', '1065', '1126', '1146', '1159', '1161', '1162', '1173', '1196', '1338', '1376']
382	199087.json	['236', '266', '345', '349', '403', '417', '438', '448', '470', '610', '616', '637', '704', '859', '885', '893', '953', '964', '999', '1158', '1163']
383	199088.json	['92', '154', '398', '428', '510', '524', '591', '705', '733', '797', '818', '979', '1082', '1155']
384	199089.json	['89', '96', '112', '121', '126', '141', '203', '214', '224', '229', '269', '290', '319', '437', '454', '477', '502', '515', '539', '545', '561', '584', '691', '698', '807', '826', '836', '874', '993', '1026', '1064', '1086', '1102', '1114', '1126', '1136', '1153', '1159', '1161', '1164', '1173', '1186', '1200', '1207', '1214', '1220', '1246', '1285', '1335', '1338', '1356', '1367', '1376']
385	199090.json	['14', '15', '438', '494', '694', '806', '953', '1056', '1158']
386	199092.json	['736', '1003']
387	199093.json	['0', '1143']
388	199094.json	['0', '96', '121', '214', '224', '229', '290', '319', '420', '454', '477', '502', '539', '561', '578', '784', '793', '807', '826', '836', '1064', '1086', '1102', '1114', '1126', '1136', '1143', '1153', '1173', '1200', '1219', '1220', '1246', '1285', '1338', '1367']
389	199095.json	['1003', '1170', '1248', '1344']
390	199097.json	['126', '349', '403', '448', '704', '857', '1338']
391	199098.json	['44', '233', '1058']
392	199099.json	['15', '236', '448', '494', '548', '616', '680', '964', '1056', '1156', '1377']
393	199100.json	['348', '358', '814']
394	199102.json	['126', '146', '236', '321', '325', '341', '400', '454', '489', '502', '545', '637', '698', '708', '795', '874', '879', '1000', '1011', '1026', '1046', '1065', '1126', '1132', '1136', '1153', '1159', '1161', '1214', '1220', '1259', '1335', '1338', '1367', '1378', '1393']
395	199103.json	['74', '146', '228', '242', '254', '291', '341', '401', '448', '475', '484', '502', '586', '607', '616', '708', '791', '879', '885', '1035', '1078', '1119', '1122', '1132', '1144', '1167', '1180', '1252']
396	199105.json	['37', '165', '201', '236', '349', '400', '408', '417', '434', '470', '476', '494', '541', '577', '610', '625', '634', '637', '652', '719', '767', '859', '888', '906', '1000', '1046', '1051', '1053', '1054', '1056', '1065', '1146', '1158', '1162', '1194', '1261', '1286']
397	199106.json	['243', '779', '1179', '1337']
398	199107.json	[]
399	199108.json	['211', '310', '682', '684', '692', '693', '855', '962', '997', '1014', '1130', '1137', '1270', '1299']
400	199109.json	['457', '459', '469', '493', '498', '509', '518', '522']
401	199111.json	['92', '438', '616', '953']
402	199112.json	['147', '502', '541', '548', '600', '616', '641', '708', '879', '885', '906', '1011', '1056', '1132', '1159', '1165', '1232', '1286', '1338', '1377']
403	199113.json	['150', '343', '770', '779', '789', '1155', '1231', '1279', '1310', '1349', '1385']
404	199114.json	['240', '484', '607', '781', '959']
405	199115.json	['15', '37', '165', '236', '400', '408', '448', '489', '541', '637', '704', '906', '964', '1000', '1046', '1056', '1065', '1158', '1167', '1286']
406	199116.json	['73', '92', '154', '155', '241', '411', '510', '524', '537', '543', '591', '616', '702', '720', '733', '797', '818', '946', '983', '1007', '1033', '1093', '1155', '1181', '1253', '1262', '1319']
407	199118.json	['147', '505', '953', '1158']
408	199119.json	['44', '256', '430', '465', '779', '991', '1059', '1231']
409	199120.json	['37', '203', '236', '248', '266', '325', '345', '361', '400', '408', '463', '470', '494', '541', '603', '610', '625', '635', '637', '653', '691', '704', '767', '806', '859', '958', '1000', '1026', '1046', '1056', '1065', '1126', '1158', '1159', '1161', '1162', '1173', '1196', '1376']
410	199121.json	['38', '256', '258', '276', '429', '513', '785', '843', '991', '1179', '1302']
411	199122.json	['86', '150', '741', '1059', '1277']
412	199123.json	['86', '156', '212', '364', '382', '449', '644', '672', '725', '750', '910', '996', '1004', '1036', '1090', '1184', '1187', '1193', '1375']
413	199124.json	['92', '241', '398', '666', '702', '797', '979', '1007', '1050', '1135', '1319']
414	199125.json	['111', '222', '239', '269', '313', '348', '360', '633', '793', '837', '839', '987', '1303', '1333']
415	199126.json	['104', '225', '298', '371', '390', '456', '538', '554', '569', '688', '781', '782', '830', '839', '863', '904', '927', '972', '985', '1021', '1106', '1198', '1322']
416	199127.json	['113', '146', '203', '358', '475', '488', '578', '756', '836', '1086', '1114', '1120', '1214', '1259', '1366', '1378']
417	199129.json	['15', '694', '714', '789', '953', '964', '1054', '1377']
418	199130.json	['69', '104', '222', '225', '310', '317', '348', '390', '538', '554', '568', '569', '633', '688', '703', '768', '781', '782', '814', '830', '839', '863', '880', '889', '904', '927', '972', '985', '1021', '1077', '1106', '1189', '1198', '1203', '1322', '1334']
